source,target,weight,shared_events
529,530,9.7232,37
426,991,8.2205,19
2,966,6.6965,31
530,531,5.7766,24
1038,789,5.3887,24
2,17027,5.3443,33
50,51,5.3333,6
55,426,4.9423,20
530,532,4.8239,20
2,3737,4.4051,14
530,304,4.2421,14
4825,789,3.9964,12
2,789,3.8876,20
5753,343,3.8667,7
529,531,3.7202,21
529,532,3.5517,17
303,305,3.5269,6
529,303,3.465,8
549,622,3.4041,11
17027,789,3.1035,17
530,1291,2.7847,14
2138,966,2.7827,9
529,1291,2.6729,15
530,4506,2.5942,12
622,712,2.4338,5
789,4575,2.3898,11
1185,1296,2.3333,3
1024,426,2.2991,8
530,5777,2.2704,12
10393,426,2.2464,9
2820,966,2.2198,4
712,303,2.1667,3
622,10393,2.1583,5
529,304,2.1302,12
531,4021,2.125,6
531,1291,2.0932,12
529,4506,2.0878,11
1810,303,2.0769,3
55,2348,2.04,3
26,4021,2.0167,5
1291,344,2.0167,8
329,991,2.0,2
1182,991,2.0,3
1632,789,1.9554,8
529,344,1.9489,5
549,55,1.8992,7
3955,426,1.8281,8
26,2294,1.8056,5
3608,966,1.8032,6
531,5777,1.7885,10
532,1291,1.754,6
789,2381,1.7269,10
530,763,1.7262,7
530,1240,1.7136,5
55,622,1.6983,5
531,532,1.6809,11
549,991,1.6788,9
174,343,1.6667,3
622,3531,1.6524,5
35,1199,1.6422,4
17027,966,1.6317,14
3608,1787,1.6141,14
343,344,1.5833,3
529,5777,1.5728,11
50,622,1.5588,4
529,7108,1.5568,8
2160,10393,1.5026,4
3608,1622,1.4916,12
3531,991,1.4698,6
549,426,1.4262,8
4363,966,1.4242,5
2638,991,1.4065,5
2,1787,1.4026,13
789,3535,1.4004,5
683,344,1.4,5
683,1291,1.4,5
530,7108,1.3901,8
1038,1632,1.372,6
55,991,1.3581,10
1265,991,1.35,4
584,1265,1.3333,2
683,305,1.3333,2
683,1810,1.3222,4
532,3318,1.313,4
2,3608,1.2972,13
1265,329,1.2833,3
1427,966,1.2505,4
763,343,1.25,3
622,2160,1.25,2
1622,1787,1.2061,11
55,1451,1.1917,4
2,1622,1.1754,12
789,966,1.1658,6
531,763,1.1429,5
2,1710,1.1429,4
531,7108,1.1401,7
586,789,1.1331,6
531,4506,1.1123,7
1038,2381,1.1117,3
549,986,1.104,8
2,4825,1.0857,5
10393,1265,1.0833,3
5777,1683,1.0769,2
3839,426,1.0769,4
5777,7108,1.0687,6
966,5111,1.0625,2
2,1427,1.0438,8
6353,789,1.0208,2
55,893,1.0148,8
3608,789,1.004,6
50,4021,1.0,1
51,3531,1.0,1
1796,2871,1.0,1
2640,1265,1.0,1
2638,683,1.0,1
6193,652,1.0,1
50,276,1.0,1
549,50,1.0,1
4097,343,1.0,1
3699,763,1.0,1
2,2336,1.0,2
1265,960,1.0,1
1860,3569,1.0,1
1860,1362,1.0,1
1182,1800,1.0,1
1185,303,1.0,1
4021,480,1.0,1
531,304,0.9817,7
55,2640,0.9797,6
1291,343,0.9769,9
4506,3545,0.9767,5
763,1291,0.9762,4
4,6403,0.975,7
549,72,0.9647,7
529,1240,0.9636,5
532,304,0.9444,6
532,4506,0.9444,5
2,2820,0.9222,6
530,51,0.8929,3
303,304,0.8881,4
531,1240,0.881,4
2160,1265,0.8769,5
966,4575,0.8572,6
206,1800,0.8526,4
1544,4682,0.8333,2
763,1860,0.8333,3
584,1451,0.8333,2
303,3531,0.8266,5
529,622,0.8255,5
2,1038,0.8222,8
1199,426,0.8167,4
1038,17027,0.8032,7
3608,1710,0.7917,3
206,991,0.7907,4
4506,7108,0.7854,5
2611,966,0.781,4
1787,4575,0.7783,9
1796,304,0.7778,3
3973,426,0.7769,5
1291,1860,0.7727,5
3608,2611,0.7714,4
3608,2607,0.7689,7
1265,1451,0.7667,4
1291,4506,0.7544,6
3955,946,0.75,2
1710,1984,0.75,2
70,72,0.7429,4
2638,426,0.7413,6
2640,893,0.7361,4
530,1063,0.7361,4
622,426,0.7333,3
738,303,0.7193,3
3608,4575,0.7049,8
2,1984,0.7,3
549,712,0.6964,3
1800,991,0.6955,3
5777,4506,0.6711,6
530,303,0.6698,4
1038,3608,0.6674,5
683,959,0.6667,2
1024,1677,0.6667,2
26,991,0.6667,2
26,3531,0.6667,2
1677,426,0.6667,2
549,206,0.6554,5
2,960,0.6468,4
1038,4575,0.6437,5
529,51,0.6429,2
3737,966,0.6416,6
55,10393,0.6407,5
529,706,0.6283,4
55,3973,0.6269,5
3955,3531,0.625,2
305,4494,0.6167,3
3955,991,0.6126,4
532,1063,0.6111,2
2,2607,0.6022,6
1683,1291,0.5997,5
1787,789,0.5933,6
2,586,0.5922,3
530,2433,0.5909,2
1038,530,0.5909,2
1063,50,0.5833,2
763,4506,0.5833,2
1265,426,0.5714,3
35,4682,0.5714,3
134,966,0.5625,2
532,763,0.5595,3
6193,622,0.5526,2
55,1800,0.5526,2
14480,276,0.5526,2
35,1182,0.5476,2
9253,893,0.5458,4
622,303,0.5383,4
5645,3955,0.5357,3
530,622,0.535,4
530,26,0.5278,3
652,991,0.5269,3
2213,966,0.5254,6
17027,3737,0.5242,5
2,2138,0.5203,6
3608,2138,0.5195,5
2,1451,0.5194,5
531,3545,0.5087,4
652,426,0.5061,4
55,3955,0.5055,4
529,26,0.504,3
529,1796,0.5033,3
531,1860,0.5,2
1024,3955,0.5,1
35,991,0.5,1
1024,3839,0.5,1
426,960,0.5,1
549,7108,0.5,1
613,622,0.5,1
1800,1451,0.5,1
531,1265,0.5,2
5753,344,0.5,1
530,1860,0.5,2
1683,1362,0.5,1
303,329,0.5,1
946,3531,0.5,1
712,7108,0.5,1
26,1796,0.5,4
529,2433,0.5,1
2381,920,0.5,1
1622,395,0.495,5
426,946,0.4881,3
529,549,0.4881,4
35,1265,0.4881,3
2138,2213,0.487,6
2213,1787,0.4858,6
3592,991,0.4857,3
531,6430,0.4844,4
5777,1291,0.4806,5
1291,3545,0.4767,4
529,712,0.4755,3
55,966,0.4737,4
55,3737,0.4737,4
17027,4575,0.4692,6
530,706,0.4616,4
532,706,0.4616,4
2374,2381,0.4606,3
532,4021,0.4583,2
529,4707,0.4583,3
530,4707,0.4583,3
532,4707,0.4583,3
134,1427,0.4554,3
622,738,0.4526,3
55,329,0.4503,3
530,966,0.45,2
55,584,0.45,2
2820,1885,0.45,2
549,303,0.4492,4
70,1451,0.4422,4
652,1314,0.4338,3
1240,4021,0.4333,2
2138,1787,0.4266,4
1038,586,0.4242,2
532,5777,0.4206,3
2,6207,0.4179,4
304,4506,0.4167,2
70,893,0.4167,2
5777,304,0.4167,2
763,304,0.4167,2
531,4494,0.4167,2
549,2638,0.4147,4
3737,960,0.4107,3
55,652,0.4103,2
1240,304,0.4048,2
2,4575,0.4043,7
2,7069,0.4029,6
2640,426,0.4028,3
706,304,0.4028,3
531,622,0.4026,3
3592,1185,0.4,2
1185,991,0.4,2
2,26,0.3958,2
2,3545,0.3958,2
303,991,0.3929,2
2,1632,0.3929,2
304,480,0.388,3
1451,966,0.3833,3
531,303,0.3796,3
549,10393,0.3776,3
530,4021,0.375,2
2820,960,0.375,2
2213,4575,0.372,5
529,343,0.3708,4
35,426,0.369,3
1038,343,0.3682,4
549,329,0.3667,2
738,426,0.3667,2
55,1182,0.3667,2
1683,343,0.3636,4
206,426,0.3631,3
72,991,0.3622,3
2,2213,0.3617,5
530,1683,0.3611,2
26,480,0.3611,2
72,3531,0.3588,3
2,4,0.3579,4
1787,966,0.354,3
789,1984,0.35,2
622,991,0.3429,2
2138,789,0.3426,4
3592,531,0.3409,2
2638,652,0.3394,3
2611,1787,0.338,4
622,986,0.3347,3
1063,51,0.3333,1
706,344,0.3333,1
426,966,0.3333,2
1063,1796,0.3333,3
51,622,0.3333,1
683,7108,0.3333,1
959,7108,0.3333,1
26,1063,0.3333,3
35,738,0.3333,1
1199,738,0.3333,1
1240,1265,0.3333,1
51,343,0.3333,1
1787,1451,0.3333,1
329,1451,0.3333,1
1683,1685,0.3333,2
2638,1677,0.3333,1
531,1796,0.3333,1
26,3737,0.3333,1
2,51,0.3333,2
2607,1710,0.3333,1
1063,622,0.3333,1
2607,966,0.3333,1
4097,1787,0.3333,1
7069,966,0.3315,5
2638,10393,0.3296,3
2381,3535,0.3278,3
17027,2820,0.3274,3
531,305,0.3269,2
2160,1362,0.3269,2
531,2160,0.3269,2
426,3531,0.3269,3
1622,789,0.3259,5
532,70,0.3255,3
532,622,0.3255,3
549,3531,0.325,2
2607,1622,0.3244,5
55,960,0.3228,3
3608,2213,0.3219,5
4682,1265,0.3214,2
4682,426,0.3214,2
1240,7108,0.3214,2
530,1265,0.3164,3
1622,2213,0.3155,3
2,4363,0.3143,3
26,966,0.3125,2
529,763,0.3095,2
622,1240,0.3088,2
3608,586,0.3088,2
712,1240,0.3088,2
529,966,0.3088,2
35,3531,0.3088,2
530,2160,0.304,3
72,986,0.3026,2
70,622,0.3017,3
1622,2138,0.3016,3
549,70,0.3,2
2,3609,0.3,2
17027,2381,0.2949,3
549,2640,0.2917,2
4707,304,0.2917,2
10393,712,0.2917,2
72,426,0.2917,2
531,4707,0.2917,2
1685,426,0.2912,3
55,2160,0.2897,3
549,2160,0.2897,3
1622,4575,0.2886,5
395,4575,0.2874,3
1787,395,0.2874,3
5645,991,0.2857,2
4097,134,0.2857,2
960,966,0.2857,2
5645,55,0.2857,2
532,7108,0.2778,2
532,26,0.2778,2
893,426,0.2778,2
26,304,0.2778,2
26,706,0.2778,2
549,304,0.2775,4
2638,329,0.2769,2
1569,55,0.2769,2
1291,7108,0.2734,3
1683,1860,0.2727,3
1860,343,0.2727,3
206,946,0.2714,2
17027,4825,0.2679,2
26,549,0.2667,2
549,4021,0.2667,2
2,4707,0.2667,2
531,343,0.2667,2
1185,1265,0.2588,2
55,72,0.2563,3
329,426,0.2556,2
2,920,0.2553,3
2,55,0.2547,3
549,738,0.2526,2
738,991,0.2526,2
586,17027,0.2502,4
1622,3545,0.25,1
532,303,0.25,1
4506,991,0.25,2
426,1984,0.25,1
1199,1265,0.25,1
1240,4506,0.25,1
1622,2206,0.25,1
3592,4494,0.25,1
3699,1185,0.25,1
3592,305,0.25,1
1632,1984,0.25,1
2206,3545,0.25,1
4682,3531,0.25,1
1182,303,0.25,1
55,70,0.25,1
1683,7108,0.25,1
70,2640,0.25,1
529,2294,0.25,1
549,652,0.25,1
712,4494,0.25,1
304,305,0.25,1
1710,1787,0.25,1
3737,1265,0.25,1
2336,329,0.25,1
2820,1427,0.2436,2
3609,2607,0.2436,2
652,1685,0.2436,2
3839,3955,0.2436,2
55,3839,0.2436,2
55,2638,0.2435,4
2206,403,0.2426,3
2199,2206,0.2426,3
4097,3608,0.2417,2
1622,17027,0.2386,4
304,7108,0.2381,2
3608,395,0.2374,3
2638,960,0.237,2
55,1199,0.237,2
2611,4575,0.2366,3
529,480,0.2361,3
530,480,0.2361,3
529,1063,0.2361,3
3737,789,0.2361,2
2138,3737,0.2361,2
35,206,0.2361,2
3737,1787,0.2361,2
530,1999,0.2361,2
1063,480,0.2361,3
2,531,0.2338,2
72,303,0.2338,2
1038,3535,0.2338,2
2,991,0.2333,2
1451,991,0.2333,2
2320,789,0.2319,3
426,1451,0.2292,2
5777,3545,0.2267,3
529,3545,0.2267,3
529,1265,0.2255,2
1265,1291,0.2255,2
622,706,0.2255,2
17027,1787,0.2255,3
1063,2433,0.2222,2
2294,2433,0.2222,2
1210,2433,0.2222,2
1210,2294,0.2222,2
26,1210,0.2222,2
26,2433,0.2222,2
2294,1796,0.2222,2
1063,2294,0.2222,2
1796,2433,0.2222,2
1063,1210,0.2222,2
1210,1796,0.2222,2
530,3531,0.2198,2
3839,1314,0.2193,2
55,738,0.2193,2
986,991,0.2193,2
206,986,0.2193,2
6207,966,0.2167,2
4825,2381,0.2167,2
17027,4363,0.2143,2
3608,17027,0.2116,3
2,1265,0.2095,2
1038,1787,0.2095,2
2,2611,0.2088,3
2213,789,0.2064,3
1038,2820,0.2054,3
26,789,0.2054,2
2,134,0.2054,2
2213,4363,0.202,2
2138,4363,0.202,2
531,3318,0.2019,2
3737,2820,0.2019,2
10393,3955,0.2019,2
530,70,0.2017,2
1683,789,0.2017,2
2138,4575,0.2017,2
4494,959,0.2,1
3955,3973,0.2,1
549,1265,0.2,1
2871,4494,0.2,1
4,17027,0.2,1
3592,1265,0.2,1
3592,3531,0.2,1
738,3531,0.2,1
738,1265,0.2,1
738,329,0.2,1
738,3955,0.2,1
1264,1265,0.2,1
1800,946,0.2,1
1787,2820,0.2,1
1787,1885,0.2,1
303,966,0.2,1
305,2871,0.2,1
303,4494,0.2,1
303,2871,0.2,1
1810,2871,0.2,1
1199,3973,0.2,1
1199,3955,0.2,1
549,3839,0.2,1
1182,1984,0.2,1
1185,3531,0.2,1
10393,329,0.2,1
549,1185,0.2,1
1199,991,0.2,1
530,1199,0.2,1
2160,426,0.2,1
622,3955,0.2,1
532,2160,0.2,1
1632,4707,0.2,1
532,1199,0.2,1
3609,17027,0.2,1
70,206,0.2,1
70,1265,0.2,1
986,10239,0.2,1
4097,3545,0.2,1
647,712,0.1964,2
1622,920,0.1964,2
893,1451,0.1917,2
2,529,0.1911,3
2,3592,0.1909,2
531,70,0.1909,2
3699,1885,0.188,2
6193,55,0.188,2
6193,2640,0.188,2
1038,2829,0.1875,2
1632,2829,0.1875,2
3608,1632,0.1845,2
706,1240,0.1838,2
529,1058,0.1838,3
530,1058,0.1838,3
72,206,0.1776,2
70,2638,0.1742,2
1427,7069,0.1736,2
2611,2138,0.1699,2
530,1796,0.1699,2
532,1796,0.1699,2
2611,2213,0.1699,2
706,1796,0.1699,2
303,426,0.1667,1
303,946,0.1667,1
26,622,0.1667,1
26,50,0.1667,1
1810,426,0.1667,1
1296,2433,0.1667,2
343,966,0.1667,1
2,4506,0.1667,1
2,549,0.1667,1
549,1796,0.1667,1
1314,3955,0.1667,1
1024,6207,0.1667,1
1024,966,0.1667,1
9253,343,0.1667,1
966,991,0.1667,1
343,1451,0.1667,1
343,893,0.1667,1
1427,4506,0.1667,1
51,1683,0.1667,1
55,668,0.1667,1
51,4506,0.1667,1
50,706,0.1667,1
3608,3609,0.1667,1
4707,1451,0.1667,1
2640,991,0.1667,1
622,304,0.1667,1
532,50,0.1667,1
532,4494,0.1667,1
4707,4506,0.1667,1
4707,1291,0.1667,1
532,1185,0.1667,1
4707,3737,0.1667,1
622,1265,0.1667,1
6430,343,0.1667,1
55,1810,0.1667,1
55,946,0.1667,1
35,622,0.1667,1
55,303,0.1667,1
2,1683,0.1667,1
530,35,0.1667,1
668,991,0.1667,1
668,3973,0.1667,1
529,35,0.1667,1
549,3973,0.1667,1
738,946,0.1667,1
1796,426,0.1667,1
6207,1677,0.1667,1
70,426,0.1667,1
6207,426,0.1667,1
1796,4021,0.1667,1
3973,991,0.1667,1
426,986,0.1667,1
1677,966,0.1667,1
3609,1622,0.1667,1
668,426,0.1667,1
3737,343,0.1667,1
3737,1451,0.1667,1
549,51,0.1667,1
549,4506,0.1667,1
1199,1796,0.1667,1
72,2640,0.1667,1
70,1185,0.1667,1
1265,343,0.1667,1
10393,303,0.1667,1
35,9253,0.1667,1
4707,763,0.1667,1
50,304,0.1667,1
530,4494,0.1667,1
530,50,0.1667,1
51,991,0.1667,1
17027,426,0.1625,2
17027,2213,0.1588,2
529,70,0.1588,2
6403,7069,0.1579,3
4,7069,0.1579,3
4,966,0.1579,3
2,6403,0.1579,3
6403,966,0.1579,3
1038,1622,0.155,5
2,436,0.1538,2
531,1683,0.1538,2
17027,436,0.1538,2
3545,5111,0.1534,2
2611,1622,0.15,2
529,6430,0.1497,2
1291,6430,0.1497,2
530,6430,0.1497,2
586,4575,0.1497,2
530,3545,0.1497,2
5777,6430,0.1497,2
6430,4506,0.1497,2
6430,3545,0.1497,2
2607,4575,0.1485,3
2638,1451,0.1458,2
1685,991,0.1436,2
551,3955,0.1429,1
551,1683,0.1429,1
551,55,0.1429,1
6207,1427,0.1429,1
6207,1265,0.1429,1
55,1683,0.1429,1
55,4682,0.1429,1
343,395,0.1429,1
303,3973,0.1429,1
2820,4363,0.1429,1
5645,426,0.1429,1
1240,329,0.1429,1
3592,426,0.1429,1
1265,1427,0.1429,1
1038,960,0.1429,1
26,1683,0.1429,1
26,51,0.1429,1
70,303,0.1429,1
72,622,0.1429,1
1632,1787,0.1429,1
613,991,0.1429,1
531,134,0.1429,1
531,1427,0.1429,1
531,329,0.1429,1
4682,991,0.1429,1
4682,3955,0.1429,1
10393,304,0.1429,1
70,991,0.1429,1
70,3531,0.1429,1
4825,4575,0.1429,1
5645,4682,0.1429,1
529,10393,0.1429,1
1683,3955,0.1429,1
530,72,0.1429,1
530,10393,0.1429,1
4097,1427,0.1429,1
4097,531,0.1429,1
1622,966,0.1429,1
51,1291,0.1429,1
4097,2,0.1429,1
530,991,0.1429,1
5777,763,0.1429,1
613,1800,0.1429,1
4097,1264,0.1429,1
1265,4506,0.1422,2
17027,7069,0.1339,2
2307,966,0.1329,2
2320,966,0.1329,2
1038,2320,0.1319,2
17027,920,0.1303,2
10393,991,0.1296,2
2611,17027,0.1255,2
2611,789,0.1255,2
1058,1063,0.125,2
1058,480,0.125,2
2336,1885,0.125,1
304,4021,0.125,1
706,4021,0.125,1
6207,2138,0.125,1
2307,3535,0.125,1
3608,3737,0.125,1
1622,2294,0.125,1
35,652,0.125,1
529,3318,0.125,1
2213,920,0.125,1
530,3318,0.125,1
3608,6207,0.125,1
549,647,0.125,1
647,10393,0.125,1
35,3737,0.125,1
3318,304,0.125,1
622,647,0.125,1
4707,3318,0.125,1
1787,920,0.125,1
6207,3737,0.125,1
6207,789,0.125,1
6207,1787,0.125,1
206,3531,0.125,1
4707,1683,0.125,1
3737,206,0.125,1
683,2336,0.125,1
531,706,0.125,1
529,4021,0.125,1
3608,920,0.125,1
2640,1451,0.125,1
10393,3531,0.125,1
2638,2640,0.125,1
1860,436,0.1232,2
2320,2381,0.1208,2
2607,1787,0.1207,3
551,2871,0.1151,2
17027,1451,0.1125,2
2816,2381,0.1117,2
14480,2871,0.1115,2
2,3699,0.1111,1
2433,3018,0.1111,1
55,17027,0.1111,1
2,1885,0.1111,1
2,530,0.1111,1
532,276,0.1111,1
2607,2320,0.1111,1
3318,1296,0.1111,1
4363,4575,0.1111,1
1796,480,0.1111,1
4,1038,0.1111,1
4363,789,0.1111,1
532,1296,0.1111,1
2607,789,0.1111,1
2820,2336,0.1111,1
35,549,0.1111,1
1622,3737,0.1111,1
706,480,0.1111,1
2307,4363,0.1111,1
2307,4575,0.1111,1
1796,276,0.1111,1
2307,789,0.1111,1
2,2320,0.1111,1
276,304,0.1111,1
276,480,0.1111,1
26,276,0.1111,1
1063,276,0.1111,1
2138,7069,0.1111,1
2138,1427,0.1111,1
2320,4575,0.1111,1
1296,3018,0.1111,1
1063,706,0.1111,1
1063,304,0.1111,1
10393,893,0.1111,1
1885,966,0.1111,1
17027,2320,0.1111,1
530,276,0.1111,1
17027,2374,0.1111,1
1683,1999,0.1111,1
530,3737,0.1111,1
2611,4363,0.1111,1
529,276,0.1111,1
3609,2336,0.1111,1
531,206,0.1111,1
17027,1885,0.1111,1
3608,2320,0.1111,1
1038,2607,0.1111,1
6193,893,0.1111,1
706,4494,0.1111,1
6193,10393,0.1111,1
3699,966,0.1111,1
532,480,0.1111,1
530,17027,0.1111,1
2607,17027,0.1111,1
6193,426,0.1111,1
3609,2820,0.1111,1
3699,17027,0.1111,1
2640,10393,0.1111,1
706,276,0.1111,1
2638,3737,0.1092,2
14480,480,0.1064,2
10140,480,0.1064,2
14480,10140,0.1064,2
2,5111,0.101,2
343,959,0.1,1
26,1240,0.1,1
622,2336,0.1,1
532,2336,0.1,1
532,549,0.1,1
4825,1984,0.1,1
2294,959,0.1,1
549,2336,0.1,1
3592,3609,0.1,1
70,960,0.1,1
3592,4363,0.1,1
70,647,0.1,1
70,3699,0.1,1
3592,1984,0.1,1
1291,959,0.1,1
6207,4707,0.1,1
70,2336,0.1,1
4363,1984,0.1,1
3737,426,0.1,1
529,2336,0.1,1
529,959,0.1,1
3609,1984,0.1,1
3609,4363,0.1,1
549,1240,0.1,1
531,959,0.1,1
3699,647,0.1,1
3699,960,0.1,1
3699,1451,0.1,1
647,960,0.1,1
647,1451,0.1,1
531,549,0.1,1
531,2336,0.1,1
1451,960,0.1,1
1787,2381,0.0962,3
1622,2381,0.0962,3
3608,2381,0.0962,3
3608,5245,0.0935,3
2,6430,0.0909,1
17027,6430,0.0909,1
6430,7108,0.0909,1
2138,5111,0.0909,1
2138,10140,0.0909,1
3592,966,0.0909,1
3592,6430,0.0909,1
531,17027,0.0909,1
2820,10140,0.0909,1
2307,2381,0.0909,1
3592,17027,0.0909,1
531,3737,0.0909,1
531,966,0.0909,1
2138,2820,0.0909,1
2138,3545,0.0909,1
6430,966,0.0909,1
17027,3535,0.0909,1
2820,3545,0.0909,1
3592,3737,0.0909,1
668,303,0.0909,1
3737,6430,0.0909,1
2638,3545,0.0909,1
7108,3545,0.0909,1
3535,4575,0.0909,1
10140,3545,0.0909,1
668,3531,0.0909,1
10140,5111,0.0909,1
72,668,0.0909,1
549,1264,0.0909,1
586,3535,0.0909,1
1038,1265,0.0909,1
622,1182,0.0909,1
1038,2433,0.0909,1
1038,1683,0.0909,1
1265,2433,0.0909,1
531,2638,0.0909,1
2820,5111,0.0909,1
70,3545,0.0909,1
1544,17072,0.0909,1
3608,4363,0.0909,1
1569,303,0.0909,1
72,2638,0.0897,2
72,2160,0.0897,2
2638,2160,0.0897,2
329,4021,0.0833,1
1063,329,0.0833,1
613,10239,0.0833,1
2607,2611,0.0833,1
3699,1677,0.0833,1
395,403,0.0833,2
1265,4021,0.0833,1
1063,1265,0.0833,1
1063,4021,0.0833,1
3608,5111,0.0801,2
1569,3973,0.0769,1
531,986,0.0769,1
529,2160,0.0769,1
55,1685,0.0769,1
652,10393,0.0769,1
304,986,0.0769,1
329,966,0.0769,1
1024,2638,0.0769,1
1024,3531,0.0769,1
1569,426,0.0769,1
1024,4363,0.0769,1
2,2638,0.0769,1
2,329,0.0769,1
1024,991,0.0769,1
1024,1685,0.0769,1
2160,305,0.0769,1
2160,303,0.0769,1
1685,1265,0.0769,1
4363,991,0.0769,1
4363,3531,0.0769,1
4,174,0.0769,1
1683,986,0.0769,1
1683,3545,0.0769,1
1683,4506,0.0769,1
1569,1685,0.0769,1
4363,1885,0.0769,1
1810,305,0.0769,1
652,3955,0.0769,1
530,1810,0.0769,1
2160,1810,0.0769,1
1024,1569,0.0769,1
986,480,0.0769,1
1024,1265,0.0769,1
3737,1427,0.0769,1
3737,329,0.0769,1
531,480,0.0769,1
531,1810,0.0769,1
2638,3839,0.0769,1
1685,3839,0.0769,1
1685,10393,0.0769,1
1685,3955,0.0769,1
1683,480,0.0769,1
1265,1362,0.0769,1
1683,304,0.0769,1
3839,991,0.0769,1
4,1885,0.0769,1
4,4363,0.0769,1
652,3839,0.0769,1
530,305,0.0769,1
26,2160,0.0769,1
26,1362,0.0769,1
26,1265,0.0769,1
1569,1265,0.0769,1
4363,426,0.0769,1
2638,1685,0.0769,1
2638,4363,0.0769,1
2638,3531,0.0769,1
529,1810,0.0769,1
2638,966,0.0769,1
174,4363,0.0769,1
174,1885,0.0769,1
529,305,0.0769,1
586,652,0.0769,1
10393,3839,0.0769,1
2638,3955,0.0769,1
529,1683,0.0769,1
51,344,0.0714,1
920,7069,0.0714,1
2,1544,0.0714,1
304,1362,0.0714,1
1362,7108,0.0714,1
946,991,0.0714,1
789,426,0.0714,1
1291,1362,0.0714,1
1291,304,0.0714,1
4363,7069,0.0714,1
4363,920,0.0714,1
530,1362,0.0714,1
35,789,0.0714,1
1622,7069,0.0714,1
1622,4363,0.0714,1
1240,1291,0.0714,1
1240,1362,0.0714,1
613,712,0.0714,1
549,613,0.0714,1
4682,789,0.0714,1
6193,51,0.0714,1
1265,789,0.0714,1
1038,763,0.0714,1
531,1362,0.0714,1
2638,647,0.0714,1
529,1362,0.0714,1
2638,712,0.0714,1
1632,6353,0.0708,2
1632,2381,0.0708,2
6353,2381,0.0708,2
2638,344,0.0693,2
893,991,0.0667,1
1677,1451,0.0667,1
1677,1265,0.0667,1
1265,893,0.0667,1
1677,893,0.0667,1
2,1677,0.0667,1
1677,991,0.0667,1
1038,2611,0.0667,1
738,343,0.0667,1
55,1677,0.0667,1
2,893,0.0667,1
55,1265,0.0667,1
1622,2374,0.0637,2
1787,2374,0.0637,2
2,2374,0.0637,2
7069,5111,0.0625,1
7069,3545,0.0625,1
17027,5111,0.0625,1
134,789,0.0625,1
134,3545,0.0625,1
134,5111,0.0625,1
134,7069,0.0625,1
652,1451,0.0625,1
789,1427,0.0625,1
789,3545,0.0625,1
789,5111,0.0625,1
789,7069,0.0625,1
2871,403,0.0625,1
2,5645,0.0625,1
1427,5111,0.0625,1
1427,3545,0.0625,1
3609,1264,0.0625,1
26,17027,0.0625,1
5645,946,0.0625,1
1632,2820,0.0625,2
2820,789,0.0625,2
5645,1622,0.0625,1
26,5111,0.0625,1
26,3545,0.0625,1
26,1427,0.0625,1
26,7069,0.0625,1
26,134,0.0625,1
2638,17027,0.0625,1
17027,1427,0.0625,1
17027,3545,0.0625,1
17027,134,0.0625,1
17027,652,0.0625,1
966,3545,0.0625,1
551,403,0.0625,1
10140,7108,0.0588,1
1058,1796,0.0588,1
1058,1451,0.0588,1
1058,1240,0.0588,1
586,2138,0.0588,1
586,966,0.0588,1
2138,17027,0.0588,1
14480,7108,0.0588,1
14480,2294,0.0588,1
1185,6430,0.0588,1
1185,4506,0.0588,1
1185,3545,0.0588,1
1185,1291,0.0588,1
530,712,0.0588,1
1796,1451,0.0588,1
1622,1683,0.0588,1
5777,966,0.0588,1
5777,1265,0.0588,1
5777,1185,0.0588,1
530,1451,0.0588,1
586,1622,0.0588,1
530,1185,0.0588,1
2611,586,0.0588,1
586,2213,0.0588,1
5645,3531,0.0588,1
5645,1199,0.0588,1
5645,35,0.0588,1
70,1240,0.0588,1
70,712,0.0588,1
70,706,0.0588,1
532,1451,0.0588,1
532,1240,0.0588,1
532,1058,0.0588,1
2294,10140,0.0588,1
2294,7108,0.0588,1
2294,2871,0.0588,1
2294,480,0.0588,1
1265,6430,0.0588,1
1265,3545,0.0588,1
1199,3531,0.0588,1
586,2381,0.0588,1
586,1787,0.0588,1
529,1185,0.0588,1
529,1451,0.0588,1
1240,1796,0.0588,1
1240,1451,0.0588,1
622,1796,0.0588,1
622,1451,0.0588,1
532,712,0.0588,1
70,1796,0.0588,1
712,1796,0.0588,1
712,1451,0.0588,1
706,1451,0.0588,1
706,712,0.0588,1
2,5777,0.0588,1
2871,10140,0.0588,1
2871,7108,0.0588,1
2871,480,0.0588,1
1058,712,0.0588,1
1058,706,0.0588,1
1058,622,0.0588,1
1058,70,0.0588,1
7108,480,0.0588,1
2381,395,0.0582,3
1622,5245,0.0578,2
5245,4575,0.0578,2
2,343,0.0577,2
2213,2309,0.0575,2
1024,329,0.0556,1
531,6193,0.0526,1
1038,5753,0.0526,1
276,1314,0.0526,1
55,986,0.0526,1
6430,303,0.0526,1
55,206,0.0526,1
1314,2871,0.0526,1
531,738,0.0526,1
3839,2871,0.0526,1
6193,303,0.0526,1
276,2871,0.0526,1
2638,986,0.0526,1
2638,1800,0.0526,1
2638,738,0.0526,1
622,6430,0.0526,1
551,1314,0.0526,1
551,276,0.0526,1
551,14480,0.0526,1
10393,206,0.0526,1
10393,738,0.0526,1
10393,986,0.0526,1
2638,206,0.0526,1
2160,206,0.0526,1
2160,738,0.0526,1
549,1800,0.0526,1
551,3839,0.0526,1
6193,6430,0.0526,1
6193,738,0.0526,1
2160,991,0.0526,1
2160,1800,0.0526,1
14480,3839,0.0526,1
1800,986,0.0526,1
14480,1314,0.0526,1
738,1800,0.0526,1
72,738,0.0526,1
206,738,0.0526,1
72,1800,0.0526,1
10393,1800,0.0526,1
2160,986,0.0526,1
738,6430,0.0526,1
72,10393,0.0526,1
738,986,0.0526,1
3839,276,0.0526,1
3592,10239,0.05,1
1632,3535,0.05,1
893,3973,0.05,1
3592,652,0.05,1
6207,17027,0.05,1
6207,1451,0.05,1
652,10239,0.05,1
712,329,0.05,1
6353,4825,0.05,1
55,959,0.05,1
6353,3535,0.05,1
1632,4825,0.05,1
4825,3535,0.05,1
426,10239,0.0476,1
789,2374,0.0476,1
2138,2374,0.0476,1
1182,426,0.0476,1
1182,10239,0.0476,1
13862,480,0.0476,1
13862,10140,0.0476,1
13862,14480,0.0476,1
35,10239,0.0476,1
35,1685,0.0476,1
2213,2374,0.0476,1
6403,1885,0.0476,1
1685,1182,0.0476,1
1685,10239,0.0476,1
2,683,0.0455,1
2199,2320,0.0426,2
2206,2320,0.0426,2
2199,403,0.0426,2
2320,403,0.0426,2
4097,4575,0.0417,1
4097,17027,0.0417,1
1632,5245,0.0417,1
1632,17027,0.0417,1
1632,4575,0.0417,1
1632,1710,0.0417,1
1710,2820,0.0417,1
1710,4575,0.0417,1
1710,789,0.0417,1
4097,5245,0.0417,1
3608,2820,0.0417,1
4097,2820,0.0417,1
1038,5245,0.0417,1
1038,1710,0.0417,1
1622,1632,0.0417,1
4097,1710,0.0417,1
1622,1710,0.0417,1
51,17027,0.0417,1
4097,789,0.0417,1
1622,2820,0.0417,1
17027,1710,0.0417,1
584,17027,0.0417,1
584,586,0.0417,1
4097,1632,0.0417,1
4097,1622,0.0417,1
4097,1038,0.0417,1
51,584,0.0417,1
5245,2820,0.0417,1
51,586,0.0417,1
2820,4575,0.0417,1
5245,17027,0.0417,1
5245,1710,0.0417,1
5245,789,0.0417,1
134,303,0.04,1
9253,668,0.04,1
622,329,0.04,1
1038,712,0.04,1
622,2348,0.04,1
2348,329,0.04,1
1038,5111,0.0385,1
2381,4575,0.0374,2
2,2381,0.0374,2
2607,395,0.0374,2
2607,2381,0.0374,2
2,395,0.0374,2
1199,960,0.037,1
1199,344,0.037,1
1199,893,0.037,1
893,960,0.037,1
2160,893,0.037,1
2638,1199,0.037,1
2160,960,0.037,1
549,344,0.037,1
2160,344,0.037,1
2160,1199,0.037,1
55,344,0.037,1
344,893,0.037,1
344,960,0.037,1
549,1199,0.037,1
549,893,0.037,1
549,960,0.037,1
72,1199,0.037,1
72,344,0.037,1
72,893,0.037,1
72,960,0.037,1
2638,893,0.037,1
2138,2309,0.0357,1
2138,5245,0.0357,1
966,1999,0.0357,1
3608,2309,0.0357,1
5245,2309,0.0357,1
5245,2213,0.0357,1
17027,344,0.0345,1
17027,647,0.0345,1
647,344,0.0345,1
13862,1860,0.0323,1
3737,344,0.0323,1
529,3737,0.0323,1
529,2638,0.0323,1
13862,436,0.0323,1
549,1999,0.0294,1
549,789,0.0294,1
789,1999,0.0294,1
1544,2160,0.027,1
1544,530,0.027,1
343,3569,0.0233,1
2,3569,0.0233,1
2309,966,0.0217,1
2199,2336,0.0217,1
2206,2336,0.0217,1
2206,966,0.0217,1
2336,403,0.0217,1
2320,2336,0.0217,1
403,966,0.0217,1
2307,2320,0.0217,1
2307,2309,0.0217,1
2309,2336,0.0217,1
2307,403,0.0217,1
2213,403,0.0217,1
2213,2320,0.0217,1
2213,2307,0.0217,1
2307,2336,0.0217,1
2199,2307,0.0217,1
2336,966,0.0217,1
2309,403,0.0217,1
2309,2320,0.0217,1
2206,2309,0.0217,1
2206,2213,0.0217,1
2199,966,0.0217,1
2199,2213,0.0217,1
2206,2307,0.0217,1
2199,2309,0.0217,1
2213,2336,0.0217,1
2206,2820,0.0208,1
2206,395,0.0208,1
2206,789,0.0208,1
2206,2381,0.0208,1
1038,2199,0.0208,1
2816,789,0.0208,1
17072,789,0.0208,1
2816,403,0.0208,1
2816,2829,0.0208,1
17072,2381,0.0208,1
17072,2320,0.0208,1
17072,1210,0.0208,1
17072,2816,0.0208,1
17072,6353,0.0208,1
17072,2829,0.0208,1
17072,2820,0.0208,1
2199,395,0.0208,1
2199,789,0.0208,1
2199,1210,0.0208,1
2199,2381,0.0208,1
2199,2816,0.0208,1
2199,2820,0.0208,1
1038,403,0.0208,1
1038,1210,0.0208,1
2206,1210,0.0208,1
1210,395,0.0208,1
1210,403,0.0208,1
1210,789,0.0208,1
2820,395,0.0208,1
1632,17072,0.0208,1
2816,2320,0.0208,1
2816,2820,0.0208,1
2820,403,0.0208,1
2816,395,0.0208,1
1038,2206,0.0208,1
17072,395,0.0208,1
17072,403,0.0208,1
6353,2816,0.0208,1
6353,2320,0.0208,1
1038,2816,0.0208,1
1038,6353,0.0208,1
1632,2816,0.0208,1
2820,2829,0.0208,1
2820,2381,0.0208,1
2820,2320,0.0208,1
2199,2829,0.0208,1
2199,6353,0.0208,1
1038,395,0.0208,1
6353,395,0.0208,1
2829,2381,0.0208,1
2829,2320,0.0208,1
6353,2829,0.0208,1
2829,395,0.0208,1
2829,789,0.0208,1
2829,403,0.0208,1
6353,403,0.0208,1
6353,2820,0.0208,1
1210,2381,0.0208,1
1210,2816,0.0208,1
2206,2816,0.0208,1
1038,17072,0.0208,1
2199,17072,0.0208,1
789,403,0.0208,1
2320,395,0.0208,1
2206,17072,0.0208,1
2206,2829,0.0208,1
2206,6353,0.0208,1
1632,403,0.0208,1
1632,395,0.0208,1
1632,1210,0.0208,1
1632,2199,0.0208,1
1632,2206,0.0208,1
1632,2320,0.0208,1
1210,2320,0.0208,1
1210,6353,0.0208,1
1210,2820,0.0208,1
2381,403,0.0208,1
789,395,0.0208,1
1210,2829,0.0208,1
2374,395,0.0161,1
2607,5245,0.0161,1
2607,2374,0.0161,1
5245,395,0.0161,1
3608,2374,0.0161,1
5245,1787,0.0161,1
2374,4575,0.0161,1
5245,2381,0.0161,1
5245,2374,0.0161,1
2,5245,0.0161,1
