id,label,name_cyrillic,community_id,community,degree,viaf_id,wikidata_id
2,Aleksandr Skidan,Александр Скидан,0,Experimental / avant-garde poetry,599,261306934,Q4421850
1038,Roman Osminkin,Роман Осминкин,0,Experimental / avant-garde poetry,494,305917854,
17027,Dmitriĭ Holynko-Volʹfson,Дмитрий Голынко-Вольфсон,0,Experimental / avant-garde poetry,358,248082430,Q116760985
966,Arkadiĭ Dragomoshchenko,Аркадий Драгомощенко,0,Experimental / avant-garde poetry,306,248480763,Q1960905
789,Pavel Arsenʹev,Павел Арсеньев,0,Experimental / avant-garde poetry,297,308244506,Q4070039
1622,Konstantin Shavlovskiĭ,Константин Шавловский,0,Experimental / avant-garde poetry,285,'6887154260356224778240',Q4519232
3608,Halina Rymbu,Галина Рымбу,0,Experimental / avant-garde poetry,235,'31169174362756079616',Q62713307
2381,Natalʹi͡a Fedorova,Наталья Федорова,0,Experimental / avant-garde poetry,203,'180147905064779087872',
395,Vasiliĭ Stepanov,Василий Степанов,0,Experimental / avant-garde poetry,160,'7787151778235718565888',Q4441789
1787,Elena Kostyleva,Елена Костылева,0,Experimental / avant-garde poetry,149,'4712171191117057884160',
4575,Nikita Sungatov,Никита Сунгатов,0,Experimental / avant-garde poetry,142,'97148207612800335872',
2820,Elena Fanaĭlova,Елена Фанайлова,0,Experimental / avant-garde poetry,136,8526148,Q648577
3737,Sergeĭ Zavʹi͡alov,Сергей Завьялов,0,Experimental / avant-garde poetry,136,'48146634465441931264',Q4183347
2213,Ekaterina Zakharkiva,Екатерина Захаркива,0,Experimental / avant-garde poetry,126,,
403,Alena Solnt͡seva,Алена Солнцева,0,Experimental / avant-garde poetry,121,'4158003676501879808',
1885,Dmitriĭ Vodennikov,Дмитрий Воденников,0,Experimental / avant-garde poetry,116,235962176,Q4113942
1632,Kirill Medvedev,Кирилл Медведев,0,Experimental / avant-garde poetry,115,263963935,Q4287293
2320,Ėduard Lukoi͡anov,Эдуард Лукоянов,0,Experimental / avant-garde poetry,110,'113148207838300340224',
5245,Oksana Vasi͡akina,Оксана Васякина,0,Experimental / avant-garde poetry,107,'9158628084422921216',Q65125597
2138,Anna Hlazova,Анна Глазова,0,Experimental / avant-garde poetry,105,68303850,Q4139447
2199,Andreĭ Silʹvestrov,Андрей Сильвестров,0,Experimental / avant-garde poetry,98,'80146331757818691584',Q16697664
2206,Ekaterina Troepolʹskai͡a,Екатерина Троепольская,0,Experimental / avant-garde poetry,96,308768795,
4363,Ilʹi͡a Kukulin,Илья Кукулин,0,Experimental / avant-garde poetry,96,163773931,Q4245868
2607,Dzhonatan Platt,Джонатан Платт,0,Experimental / avant-garde poetry,94,'121146331870618697728',
2611,Vlad Hagin,Влад Гагин,0,Experimental / avant-garde poetry,93,'4170241951900091392',
3592,Lev Lurʹe,Лев Лурье,0,Experimental / avant-garde poetry,92,37325444,Q4269728
2336,Sergeĭ Handlevskiĭ,Сергей Гандлевский,0,Experimental / avant-garde poetry,90,315201504,Q4133237
4097,Alla Mitrofanova,Алла Митрофанова,0,Experimental / avant-garde poetry,90,305668452,
586,Alekseĭ Konakov,Алексей Конаков,0,Experimental / avant-garde poetry,85,'18150083716114941952',Q84724307
2374,I͡Aroslava Zakharova,Ярослава Захарова,0,Experimental / avant-garde poetry,85,,
6403,Andreĭ Tavrov,Андрей Тавров,0,Experimental / avant-garde poetry,78,266192061,Q4449496
7069,Vladimir Aristov,Владимир Аристов,0,Experimental / avant-garde poetry,75,50946217,Q4069289
4,Vadim Mesi͡at͡s,Вадим Месяц,0,Experimental / avant-garde poetry,74,4508283,Q3553159
134,Valeriĭ Savchuk,Валерий Савчук,0,Experimental / avant-garde poetry,73,295550101,Q4404332
2307,Rostislav Amelin,Ростислав Амелин,0,Experimental / avant-garde poetry,70,'15149912458106212352',
2309,Marii͡a Vilʹkoviskai͡a,Мария Вильковиская,0,Experimental / avant-garde poetry,70,,
5111,Zinaida Dragomoshchenko,Зинаида Драгомощенко,0,Experimental / avant-garde poetry,69,,
6353,Kirill Adibekov,Кирилл Адибеков,0,Experimental / avant-garde poetry,64,,
3609,Natalʹi͡a Pershina-I͡Akimanskai͡a,Наталья Першина-Якиманская,0,Experimental / avant-garde poetry,62,'1604167082535058669568',
1427,Viktor Lapit͡skiĭ,Виктор Лапицкий,0,Experimental / avant-garde poetry,60,298085816,Q3557406
17072,Evgeniĭ Berkovich,Евгений Беркович,0,Experimental / avant-garde poetry,59,56268949,Q4084933
2816,Artur Punte,Артур Пунте,0,Experimental / avant-garde poetry,58,305060839,
1984,Ilʹi͡a Kalinin,Илья Калинин,0,Experimental / avant-garde poetry,58,'39146331857418690560',Q19960011
920,Andreĭ Levkin,Андрей Левкин,0,Experimental / avant-garde poetry,57,95348337,Q4256649
1710,Artemiĭ Magun,Артемий Магун,0,Experimental / avant-garde poetry,55,78925027,Q24642460
3535,Mikhail Kurtov,Михаил Куртов,0,Experimental / avant-garde poetry,55,'130148207844600348672',
436,I͡Uriĭ Arabov,Юрий Арабов,0,Experimental / avant-garde poetry,54,190754646,Q4068383
2829,Aleksandr Brener,Александр Бренер,0,Experimental / avant-garde poetry,53,21720325,Q268482
4825,Aleksandr Smuli͡anskiĭ,Александр Смулянский,0,Experimental / avant-garde poetry,53,'1808164604089038012416',Q65153407
6207,Anatoliĭ Barzakh,Анатолий Барзах,0,Experimental / avant-garde poetry,53,58971151,Q4078193
549,Valeriĭ Popov,Валерий Попов,3,Literary traditionalism / thick journals,316,104144814393123044008,Q2914010
426,I͡Akov Hordin,Яков Гордин,3,Literary traditionalism / thick journals,301,56922630,Q4143880
55,Aleksandr Kushner,Александр Кушнер,3,Literary traditionalism / thick journals,268,1559145857047622921321,Q4250259
622,Aleksandr Melikhov,Александр Мелихов,3,Literary traditionalism / thick journals,214,88154193,Q4289541
1265,Nikita Eliseev,Никита Елисеев,3,Literary traditionalism / thick journals,210,9792262,Q4174948
991,Andreĭ Arʹev,Андрей Арьев,3,Literary traditionalism / thick journals,202,79120189,Q4071068
329,Tatʹi͡ana Volʹtskai͡a,Татьяна Вольтская,3,Literary traditionalism / thick journals,181,277072249,Q22918552
1451,Viktor Sosnora,Виктор Соснора,3,Literary traditionalism / thick journals,178,85351028,Q3557586
2160,Aleksandr Zhitinskiĭ,Александр Житинский,3,Literary traditionalism / thick journals,171,111805182,
2638,Vladimir Ufli͡and,Владимир Уфлянд,3,Literary traditionalism / thick journals,158,93931510,Q4479145
712,Vladimir Shpakov,Владимир Шпаков,3,Literary traditionalism / thick journals,155,46677701,Q19916586
893,Hleb Horbovskiĭ,Глеб Горбовский,3,Literary traditionalism / thick journals,148,270931618,Q4143661
3531,Igorʹ Sukhikh,Игорь Сухих,3,Literary traditionalism / thick journals,134,27218037,Q4447080
35,Natalii͡a Sokolovskai͡a,Наталия Соколовская,3,Literary traditionalism / thick journals,116,'2643150647103910838272',Q4427374
652,Tatʹi͡ana Nikolʹskai͡a,Татьяна Никольская,3,Literary traditionalism / thick journals,111,97127349,Q21857124
10393,Samuil Lurʹe,Самуил Лурье,3,Literary traditionalism / thick journals,96,262095296,Q4269738
70,Andreĭ Bitov,Андрей Битов,3,Literary traditionalism / thick journals,89,68959833,Q502041
986,Ilʹi͡a Shtemler,Илья Штемлер,3,Literary traditionalism / thick journals,87,32658023,Q6001514
960,Elena Shvart͡s,Елена Шварц,3,Literary traditionalism / thick journals,85,2723359,Q461932
72,Mikhail Kuraev,Михаил Кураев,3,Literary traditionalism / thick journals,84,267214266,Q3856329
1199,Daniil Hranin,Даниил Гранин,3,Literary traditionalism / thick journals,83,9847011,Q519878
738,Nikolaĭ Kryshchuk,Николай Крыщук,3,Literary traditionalism / thick journals,81,250401186,Q4243063
2871,Aleksandr Sokurov,Александр Сокуров,3,Literary traditionalism / thick journals,81,61771756,
206,Aleksandr Rubashkin,Александр Рубашкин,3,Literary traditionalism / thick journals,81,1337672,Q18008988
1685,Igorʹ Korobov,Игорь Коробов,3,Literary traditionalism / thick journals,79,9495608,Q22453451
647,Arkadiĭ Bartov,Аркадий Бартов,3,Literary traditionalism / thick journals,68,107499914,Q4078687
1569,Nina Popova,Нина Попова,3,Literary traditionalism / thick journals,67,7237152,Q109487207
4682,Alekseĭ Zakharenkov,Алексей Захаренков,3,Literary traditionalism / thick journals,66,306385871,Q4188544
1024,Denis Akhapkin,Денис Ахапкин,3,Literary traditionalism / thick journals,65,103014914,
1544,Andreĭ Anpilov,Андрей Анпилов,3,Literary traditionalism / thick journals,64,305072947,Q4066885
5645,Vsevolod Bagno,Всеволод Багно,3,Literary traditionalism / thick journals,62,84439391,Q4074807
613,Anatoliĭ Berger,Анатолий Бергер,3,Literary traditionalism / thick journals,61,22550279,Q4084002
9253,Dmitriĭ Mizgulin,Дмитрий Мизгулин,3,Literary traditionalism / thick journals,61,85953433,Q4292888
3955,Konstantin Azadovskiĭ,Константин Азадовский,3,Literary traditionalism / thick journals,60,51839958,Q4058091
2348,Vasiliĭ Rusakov,Василий Русаков,3,Literary traditionalism / thick journals,59,'794154380945130258432',
1182,Boris Frezinskiĭ,Борис Фрезинский,3,Literary traditionalism / thick journals,58,7539545,Q28500770
6193,Boris Nikolʹskiĭ,Борис Никольский,3,Literary traditionalism / thick journals,58,43160670,Q4320881
10239,Irina T͡Simbal,Ирина Цимбал,3,Literary traditionalism / thick journals,57,,
551,Li͡ubovʹ Arkus,Любовь Аркус,3,Literary traditionalism / thick journals,56,185692094,Q4069490
584,Aron Zinshteĭn,Арон Зинштейн,3,Literary traditionalism / thick journals,53,268346365,Q4192256
946,Boris Egorov,Борис Егоров,3,Literary traditionalism / thick journals,52,70985211,Q4173718
1800,Irma Kudrova,Ирма Кудрова,3,Literary traditionalism / thick journals,50,41990312,Q15070641
3839,Mikhail Milʹchik,Михаил Мильчик,3,Literary traditionalism / thick journals,50,12413102,Q19908505
665,Nikolaĭ Mikhin,Николай Михин,3,Literary traditionalism / thick journals,49,84828799,
1677,Lev Losev,Лев Лосев,3,Literary traditionalism / thick journals,49,51864973,Q1963897
2640,Aleksandr Horodnit͡skiĭ,Александр Городницкий,3,Literary traditionalism / thick journals,47,30344612,Q1805456
668,Natalʹi͡a Ivanova,Наталья Иванова,3,Literary traditionalism / thick journals,46,46121530,
1314,Mikhail Meĭlakh,Михаил Мейлах,3,Literary traditionalism / thick journals,46,125692,Q4289089
3973,Vladimir Ret͡septer,Владимир Рецептер,3,Literary traditionalism / thick journals,46,61961459,Q4393891
1264,Pёtr Belyĭ,Пётр Белый,3,Literary traditionalism / thick journals,45,73743702,Q4083045
529,Sergeĭ Nosov,Сергей Носов,17,New prose / Petersburg Fundamentalists,321,63863316,Q4327598
343,Natasha Romanova,Наташа Романова,17,New prose / Petersburg Fundamentalists,247,697144647699329848289,Q124750243
530,Pavel Krusanov,Павел Крусанов,17,New prose / Petersburg Fundamentalists,235,85727146,Q4242321
531,Aleksandr Sekat͡skiĭ,Александр Секацкий,17,New prose / Petersburg Fundamentalists,210,6077709,Q4413206
303,Boris Averin,Борис Аверин,17,New prose / Petersburg Fundamentalists,168,14879587,Q4055636
174,Aleksandr Halʹper,Александр Гальпер,17,New prose / Petersburg Fundamentalists,157,'21160208902648623104',Q4132874
304,Ilʹi͡a Boi͡ashov,Илья Бояшов,17,New prose / Petersburg Fundamentalists,152,89869836,Q4095591
344,Hennadiĭ Hrigorʹev,Геннадий Григорьев,17,New prose / Petersburg Fundamentalists,129,'6084149235106176827392',Q4149271
1683,Vi͡acheslav Kurit͡syn,Вячеслав Курицын,17,New prose / Petersburg Fundamentalists,121,52897874,Q4248436
26,Andreĭ Astvat͡saturov,Андрей Аствацатуров,17,New prose / Petersburg Fundamentalists,119,41492002,Q4071634
1291,Viktor Toporov,Виктор Топоров,17,New prose / Petersburg Fundamentalists,112,41955317,Q4460854
532,Tatʹi͡ana Moskvina,Татьяна Москвина,17,New prose / Petersburg Fundamentalists,106,225771383,Q4303774
959,Dmitriĭ Shagin,Дмитрий Шагин,17,New prose / Petersburg Fundamentalists,94,97145924,Q4519308
480,Zakhar Prilepin,Захар Прилепин,17,New prose / Petersburg Fundamentalists,92,59402493,Q1530559
3545,Nina Savchenkova,Нина Савченкова,17,New prose / Petersburg Fundamentalists,92,'1147154381060430233600',Q60825219
4707,Natalʹi͡a Kurchatova,Наталья Курчатова,17,New prose / Petersburg Fundamentalists,81,,
683,Nikolaĭ I͡Akimchuk,Николай Якимчук,17,New prose / Petersburg Fundamentalists,76,285613183,Q4536695
51,Svetlana Drugoveĭko-Dolzhanskai͡a,Светлана Друговейко-Должанская,17,New prose / Petersburg Fundamentalists,74,311325943,Q123560537
6430,Nikolaĭ Ivanov,Николай Иванов,17,New prose / Petersburg Fundamentalists,73,'616144783155490324480',Q4519280
1999,Igorʹ Zhukov,Игорь Жуков,17,New prose / Petersburg Fundamentalists,71,63641144,Q65172742
3018,Aleksandr Borovskiĭ,Александр Боровский,17,New prose / Petersburg Fundamentalists,71,65630515,
305,Viktor Tikhomirov,Виктор Тихомиров,17,New prose / Petersburg Fundamentalists,69,113940470,Q4458554
1240,Vadim Leventalʹ,Вадим Левенталь,17,New prose / Petersburg Fundamentalists,69,172024477,Q26420089
1860,Ilʹi͡a Stogov,Илья Стогов,17,New prose / Petersburg Fundamentalists,65,82115829,Q4442709
1796,Evgeniĭ Vodolazkin,Евгений Водолазкин,17,New prose / Petersburg Fundamentalists,63,37328490,Q17094091
4506,Sergeĭ Korovin,Сергей Коровин,17,New prose / Petersburg Fundamentalists,62,10712869,
1210,Anna Narinskai͡a,Анна Наринская,17,New prose / Petersburg Fundamentalists,61,'7689156565705323184128',Q60853071
7108,Vladimir Rekshan,Владимир Рекшан,17,New prose / Petersburg Fundamentalists,60,35986479,Q4392967
5777,Nalʹ Podolʹskiĭ,Наль Подольский,17,New prose / Petersburg Fundamentalists,59,176145378,
763,Kirill Korotkov,Кирилл Коротков,17,New prose / Petersburg Fundamentalists,57,78611694,
2294,Boris Kuprii͡anov,Борис Куприянов,17,New prose / Petersburg Fundamentalists,55,,Q4247570
2433,Andreĭ Khlobystin,Андрей Хлобыстин,17,New prose / Petersburg Fundamentalists,54,41181701,Q16488425
14480,Katerina Hordeeva,Катерина Гордеева,17,New prose / Petersburg Fundamentalists,52,'266152261514217193472',Q29865014
13862,Anton Soi͡a,Антон Соя,17,New prose / Petersburg Fundamentalists,52,68341929,
1063,Leonid I͡Uzefovich,Леонид Юзефович,17,New prose / Petersburg Fundamentalists,51,110727346,Q40007468
3569,Irina Sergienko,Ирина Сергиенко,17,New prose / Petersburg Fundamentalists,51,'37157701618244222976',
5753,Hrigoriĭ I͡Ushchenko,Григорий Ющенко,17,New prose / Petersburg Fundamentalists,49,'4004163813695439241216',Q71876477
50,Marii͡a Aleksandrovna Cherni͡ak,Мария Александровна Черняк,17,New prose / Petersburg Fundamentalists,48,173002299,Q65149766
1058,Andreĭ Rubanov,Андрей Рубанов,17,New prose / Petersburg Fundamentalists,48,71171519,Q2846848
1185,Tatʹi͡ana Tolstai͡a,Татьяна Толстая,17,New prose / Petersburg Fundamentalists,48,101873704,Q274342
1296,Anatoliĭ Belkin,Анатолий Белкин,17,New prose / Petersburg Fundamentalists,48,78811436,Q4082050
4021,Herman Sadulaev,Герман Садулаев,17,New prose / Petersburg Fundamentalists,48,73818955,Q4404895
3699,Vera Pavlova,Вера Павлова,17,New prose / Petersburg Fundamentalists,48,'3810161634378410622976',Q24089189
1810,Leonid Mozgovoĭ,Леонид Мозговой,17,New prose / Petersburg Fundamentalists,47,53860165,Q4299607
4494,Vladimir Shinkarev,Владимир Шинкарев,17,New prose / Petersburg Fundamentalists,45,295779786,
10140,Mikhail Ivanov,Михаил Иванов,17,New prose / Petersburg Fundamentalists,45,'12169434933814269952',
706,Aleksandr Etoev,Александр Етоев,17,New prose / Petersburg Fundamentalists,44,308730353,Q65154183
1362,Dmitriĭ Horchev,Дмитрий Горчев,17,New prose / Petersburg Fundamentalists,42,70078951,Q4146002
3318,Roman Smirnov,Роман Смирнов,17,New prose / Petersburg Fundamentalists,42,22079672,Q4424757
276,Li͡udmila Ulit͡skai͡a,Людмила Улицкая,17,New prose / Petersburg Fundamentalists,41,87220182,Q266661
